dept_label,card_code,brand,title
INSTRUMENTS,2066,Redwick,redwick ukulele one
OUTDOOR,2837,Mosella,mosella headlamp zen
TABLETS,2816,Brightwell,brightwell rugged tablet zen
OUTDOOR,2833,Orbisk,orbisk tent zen
TABLETS,2893,Mosella,mosella note pad arc
LIGHTING,2053,Mosella,mosella reading light one
PERSONAL CARE,2537,Tamarack,tamarack hair dryer ultra
OFFICE,2923,Lumeno,lumeno monitor arm arc
NETWORKING,2237,Lumeno,lumeno powerline adapter edge
NETWORKING,2235,Mosella,mosella network switch edge
OUTDOOR,2755,Lumeno,lumeno camp stove aero
PERSONAL CARE,2464,Solvane,solvane epilator flex
NETWORKING,2476,Saffrix,saffrix range extender flex
PERSONAL CARE,2783,Lumeno,lumeno grooming kit aero
FITNESS,2266,Saffrix,saffrix yoga mat core
INSTRUMENTS,2629,Lumeno,lumeno midi keyboard nano
INSTRUMENTS,2790,Veloria,veloria violin aero
LIGHTING,2611,Halvard,halvard pendant light nano
OUTDOOR,2120,Junova,junova camp chair go
OFFICE,2042,Saffrix,saffrix standing desk one
CAMERAS,2723,Halvard,halvard instant camera aero
NETWORKING,2716,Solvane,solvane range extender duo
OUTDOOR,2919,Halvard,halvard hammock arc
OUTDOOR,2194,Tundrel,tundrel sleeping bag edge
GAMING,2417,Mosella,mosella controller flex
INSTRUMENTS,2870,Solvane,solvane violin zen
NETWORKING,2239,Pinecrest,pinecrest nas enclosure edge
TABLETS,2570,Redwick,redwick e-reader nano
OFFICE,2362,Tundrel,tundrel standing desk prime
OFFICE,2208,Tundrel,tundrel desk organiser edge
LIGHTING,2373,Halvard,halvard reading light prime
NETWORKING,2878,Redwick,redwick travel router zen
GAMING,2264,Tundrel,tundrel vr headset core
OUTDOOR,2115,Quarrow,quarrow camp stove go
OUTDOOR,2677,Tamarack,tamarack headlamp duo
INSTRUMENTS,2225,Pinecrest,pinecrest digital piano edge
CAMERAS,2885,Quarrow,quarrow film scanner arc
TABLETS,2091,Orbisk,orbisk drawing tablet go
CAMERAS,2641,Mosella,mosella mirrorless camera duo
GAMING,2499,Halvard,halvard racing wheel ultra
LIGHTING,2293,Lumeno,lumeno reading light core
PERSONAL CARE,2377,Lumeno,lumeno hair dryer prime
LIGHTING,2369,Tamarack,tamarack floor lamp prime
INSTRUMENTS,2230,Veloria,veloria violin edge
FITNESS,2591,Quarrow,quarrow foam roller nano
OFFICE,2207,Mosella,mosella bookshelf edge
NETWORKING,2553,Orbisk,orbisk wi-fi router ultra
OFFICE,2928,Brightwell,brightwell desk organiser arc
FITNESS,2509,Tamarack,tamarack kettlebell ultra
NETWORKING,2960,Junova,junova 5g hotspot arc
OUTDOOR,2596,Junova,junova trekking poles nano
INSTRUMENTS,2630,Saffrix,saffrix violin nano
PERSONAL CARE,2224,Saffrix,saffrix epilator edge
OUTDOOR,2915,Tamarack,tamarack camp stove arc
NETWORKING,2639,Halvard,halvard nas enclosure nano
GAMING,2497,Orbisk,orbisk controller ultra
NETWORKING,2796,Tundrel,tundrel range extender aero
OFFICE,2364,Saffrix,saffrix desk lamp prime
INSTRUMENTS,2390,Tundrel,tundrel violin prime
OFFICE,2682,Redwick,redwick standing desk duo
TABLETS,2649,Tamarack,tamarack tablet duo
GAMING,2103,Tamarack,tamarack flight stick go
PERSONAL CARE,2463,Pinecrest,pinecrest grooming kit flex
LIGHTING,2291,Mosella,mosella pendant light core
PERSONAL CARE,2859,Tamarack,tamarack electric toothbrush zen
LIGHTING,2453,Tamarack,tamarack reading light flex
INSTRUMENTS,2946,Junova,junova ukulele arc
INSTRUMENTS,2387,Halvard,halvard acoustic guitar prime
FITNESS,2111,Lumeno,lumeno foam roller go
CAMERAS,2007,Orbisk,orbisk trail camera one
FITNESS,2752,Redwick,redwick pull-up bar aero
LIGHTING,2131,Tamarack,tamarack pendant light go
OFFICE,2527,Halvard,halvard bookshelf ultra
LIGHTING,2696,Redwick,redwick light bar duo
OFFICE,2528,Redwick,redwick desk organiser ultra
OFFICE,2761,Tamarack,tamarack desk chair aero
PERSONAL CARE,2378,Saffrix,saffrix beard trimmer prime
LIGHTING,2129,Quarrow,quarrow floor lamp go
PERSONAL CARE,2139,Lumeno,lumeno electric toothbrush go
INSTRUMENTS,2708,Junova,junova electronic drum kit duo
TABLETS,2729,Pinecrest,pinecrest tablet aero
OUTDOOR,2517,Lumeno,lumeno headlamp ultra
OUTDOOR,2835,Halvard,halvard camp stove zen
OUTDOOR,2194,Tundrel,tundrel sleeping bag edge
PERSONAL CARE,2378,Saffrix,saffrix beard trimmer prime
GAMING,2177,Halvard,halvard controller edge
PERSONAL CARE,2784,Saffrix,saffrix epilator aero
LIGHTING,2856,Solvane,solvane light bar zen
OFFICE,2841,Pinecrest,pinecrest desk chair zen
TABLETS,2649,Tamarack,tamarack tablet duo
CAMERAS,2403,Mosella,mosella instant camera flex
PERSONAL CARE,2862,Junova,junova shaver zen
CAMERAS,2565,Tamarack,tamarack film scanner nano
NETWORKING,2636,Veloria,veloria range extender nano
FITNESS,2509,Tamarack,tamarack kettlebell ultra
GAMING,2657,Lumeno,lumeno controller duo
FITNESS,2670,Tundrel,tundrel spin bike duo
LIGHTING,2774,Brightwell,brightwell lantern aero
PERSONAL CARE,2704,Brightwell,brightwell epilator duo
OUTDOOR,2355,Tamarack,tamarack camp stove prime
INSTRUMENTS,2790,Veloria,veloria violin aero
CAMERAS,2168,Saffrix,saffrix gimbal edge
GAMING,2661,Quarrow,quarrow gaming headset duo
OUTDOOR,2517,Lumeno,lumeno headlamp ultra
INSTRUMENTS,2306,Tundrel,tundrel ukulele core
LIGHTING,2376,Tundrel,tundrel light bar prime
INSTRUMENTS,2465,Quarrow,quarrow digital piano flex
FITNESS,2906,Redwick,redwick yoga mat arc
TABLETS,2651,Orbisk,orbisk drawing tablet duo
TABLETS,2574,Saffrix,saffrix slate nano
FITNESS,2671,Lumeno,lumeno foam roller duo
NETWORKING,2873,Tamarack,tamarack wi-fi router zen
CAMERAS,2325,Quarrow,quarrow film scanner prime
GAMING,2343,Orbisk,orbisk flight stick prime
TABLETS,2089,Tamarack,tamarack tablet go
OUTDOOR,2676,Brightwell,brightwell trekking poles duo
INSTRUMENTS,2949,Mosella,mosella midi keyboard arc
GAMING,2498,Junova,junova handheld console ultra
CAMERAS,2568,Junova,junova gimbal nano
OFFICE,2602,Saffrix,saffrix standing desk nano
PERSONAL CARE,2464,Solvane,solvane epilator flex
OFFICE,2921,Mosella,mosella desk chair arc
PERSONAL CARE,2140,Saffrix,saffrix hair straightener go
TABLETS,2409,Quarrow,quarrow tablet flex
TABLETS,2251,Lumeno,lumeno drawing tablet core
GAMING,2344,Junova,junova vr headset prime
INSTRUMENTS,2871,Quarrow,quarrow cajon zen
CAMERAS,2162,Junova,junova action camera edge
OFFICE,2204,Junova,junova desk lamp edge
INSTRUMENTS,2867,Lumeno,lumeno acoustic guitar zen
INSTRUMENTS,2149,Halvard,halvard midi keyboard go
TABLETS,2730,Solvane,solvane e-reader aero
GAMING,2339,Quarrow,quarrow racing wheel prime
INSTRUMENTS,2792,Junova,junova synthesizer aero
LIGHTING,2213,Quarrow,quarrow reading light edge
TABLETS,2416,Redwick,redwick rugged tablet flex
LIGHTING,2854,Saffrix,saffrix lantern zen
INSTRUMENTS,2952,Saffrix,saffrix synthesizer arc
NETWORKING,2800,Solvane,solvane 5g hotspot aero
GAMING,2343,Orbisk,orbisk flight stick prime
OUTDOOR,2277,Mosella,mosella headlamp core
GAMING,2104,Veloria,veloria vr headset go
GAMING,2258,Veloria,veloria handheld console core
CAMERAS,2242,Brightwell,brightwell action camera core
INSTRUMENTS,2868,Saffrix,saffrix electronic drum kit zen
FITNESS,2348,Tundrel,tundrel resistance bands prime
CAMERAS,2568,Junova,junova gimbal nano
GAMING,2497,Orbisk,orbisk controller ultra
TABLETS,2171,Quarrow,quarrow drawing tablet edge
PERSONAL CARE,2143,Quarrow,quarrow grooming kit go
OFFICE,2524,Veloria,veloria desk lamp ultra
GAMING,2579,Tamarack,tamarack racing wheel nano
LIGHTING,2692,Veloria,veloria smart panel duo
GAMING,2902,Veloria,veloria capture card arc
CAMERAS,2162,Junova,junova action camera edge
TABLETS,2412,Veloria,veloria kids tablet flex
INSTRUMENTS,2950,Tundrel,tundrel violin arc
OFFICE,2442,Junova,junova standing desk flex
TABLETS,2489,Lumeno,lumeno tablet ultra
PERSONAL CARE,2378,Saffrix,saffrix beard trimmer prime
OFFICE,2286,Veloria,veloria footrest core
INSTRUMENTS,2069,Lumeno,lumeno midi keyboard one
CAMERAS,2321,Lumeno,lumeno mirrorless camera prime
GAMING,2818,Veloria,veloria handheld console zen
OFFICE,2685,Lumeno,lumeno filing cabinet duo
PERSONAL CARE,2618,Solvane,solvane beard trimmer nano
OUTDOOR,2755,Lumeno,lumeno camp stove aero
INSTRUMENTS,2712,Tundrel,tundrel synthesizer duo
INSTRUMENTS,2065,Halvard,halvard digital piano one
GAMING,2418,Tundrel,tundrel handheld console flex
TABLETS,2814,Solvane,solvane slate zen
OFFICE,2923,Lumeno,lumeno monitor arm arc
OUTDOOR,2033,Tamarack,tamarack tent one
CAMERAS,2082,Tundrel,tundrel action camera go
OUTDOOR,2433,Lumeno,lumeno tent flex
TABLETS,2575,Pinecrest,pinecrest foldable tablet nano
NETWORKING,2320,Tundrel,tundrel 5g hotspot core
NETWORKING,2237,Lumeno,lumeno powerline adapter edge
LIGHTING,2852,Tundrel,tundrel smart panel zen
LIGHTING,2849,Halvard,halvard floor lamp zen
CAMERAS,2565,Tamarack,tamarack film scanner nano
NETWORKING,2800,Solvane,solvane 5g hotspot aero
TABLETS,2811,Lumeno,lumeno drawing tablet zen
PERSONAL CARE,2619,Quarrow,quarrow electric toothbrush nano
CAMERAS,2321,Lumeno,lumeno mirrorless camera prime
INSTRUMENTS,2868,Saffrix,saffrix electronic drum kit zen
OFFICE,2361,Mosella,mosella desk chair prime
NETWORKING,2559,Lumeno,lumeno nas enclosure ultra
OUTDOOR,2439,Tamarack,tamarack hammock flex
PERSONAL CARE,2699,Lumeno,lumeno electric toothbrush duo
OFFICE,2125,Lumeno,lumeno filing cabinet go
PERSONAL CARE,2537,Tamarack,tamarack hair dryer ultra
LIGHTING,2695,Halvard,halvard wall sconce duo
FITNESS,2270,Brightwell,brightwell spin bike core
LIGHTING,2769,Lumeno,lumeno floor lamp aero
NETWORKING,2155,Pinecrest,pinecrest network switch go
LIGHTING,2449,Pinecrest,pinecrest floor lamp flex
OUTDOOR,2920,Redwick,redwick camp chair arc
OFFICE,2523,Tamarack,tamarack monitor arm ultra
INSTRUMENTS,2786,Solvane,solvane ukulele aero
OUTDOOR,2920,Redwick,redwick camp chair arc
CAMERAS,2882,Saffrix,saffrix action camera arc
NETWORKING,2475,Lumeno,lumeno network switch flex
OUTDOOR,2436,Solvane,solvane trekking poles flex
OFFICE,2765,Halvard,halvard filing cabinet aero
GAMING,2021,Orbisk,orbisk gaming headset one
OUTDOOR,2357,Orbisk,orbisk headlamp prime
GAMING,2344,Junova,junova vr headset prime
TABLETS,2009,Halvard,halvard tablet one
OUTDOOR,2675,Quarrow,quarrow camp stove duo
GAMING,2502,Tundrel,tundrel capture card ultra
NETWORKING,2239,Pinecrest,pinecrest nas enclosure edge
GAMING,2899,Quarrow,quarrow racing wheel arc
NETWORKING,2880,Tundrel,tundrel 5g hotspot zen
CAMERAS,2803,Tamarack,tamarack instant camera zen
OUTDOOR,2758,Solvane,solvane cooler box aero
NETWORKING,2154,Saffrix,saffrix mesh system go
LIGHTING,2211,Pinecrest,pinecrest pendant light edge
OFFICE,2528,Redwick,redwick desk organiser ultra
GAMING,2743,Pinecrest,pinecrest flight stick aero
TABLETS,2489,Lumeno,lumeno tablet ultra
OFFICE,2364,Saffrix,saffrix desk lamp prime
TABLETS,2656,Tundrel,tundrel rugged tablet duo
GAMING,2264,Tundrel,tundrel vr headset core
OFFICE,2361,Mosella,mosella desk chair prime
PERSONAL CARE,2380,Solvane,solvane hair straightener prime
OUTDOOR,2035,Orbisk,orbisk camp stove one
FITNESS,2911,Pinecrest,pinecrest foam roller arc
CAMERAS,2404,Tundrel,tundrel vlog camera flex
TABLETS,2093,Halvard,halvard note pad go
GAMING,2342,Veloria,veloria capture card prime
PERSONAL CARE,2697,Mosella,mosella hair dryer duo
GAMING,2503,Lumeno,lumeno flight stick ultra
PERSONAL CARE,2540,Junova,junova hair straightener ultra
GAMING,2103,Tamarack,tamarack flight stick go
INSTRUMENTS,2312,Brightwell,brightwell synthesizer core
CAMERAS,2725,Mosella,mosella film scanner aero
GAMING,2343,Orbisk,orbisk flight stick prime
TABLETS,2496,Veloria,veloria rugged tablet ultra
OUTDOOR,2040,Tundrel,tundrel camp chair one
LIGHTING,2051,Halvard,halvard pendant light one
TABLETS,2412,Veloria,veloria kids tablet flex
TABLETS,2893,Mosella,mosella note pad arc
PERSONAL CARE,2297,Quarrow,quarrow hair dryer core
NETWORKING,2158,Brightwell,brightwell travel router go
TABLETS,2569,Halvard,halvard tablet nano
PERSONAL CARE,2461,Lumeno,lumeno massager flex
GAMING,2024,Redwick,redwick vr headset one
TABLETS,2495,Tamarack,tamarack foldable tablet ultra
GAMING,2901,Tamarack,tamarack gaming headset arc
LIGHTING,2691,Tamarack,tamarack pendant light duo
NETWORKING,2235,Mosella,mosella network switch edge
INSTRUMENTS,2306,Tundrel,tundrel ukulele core
NETWORKING,2715,Pinecrest,pinecrest network switch duo
CAMERAS,2644,Saffrix,saffrix vlog camera duo
TABLETS,2009,Halvard,halvard tablet one
CAMERAS,2806,Junova,junova dash cam zen
OFFICE,2283,Quarrow,quarrow monitor arm core
LIGHTING,2455,Orbisk,orbisk wall sconce flex
PERSONAL CARE,2298,Brightwell,brightwell beard trimmer core
OFFICE,2926,Solvane,solvane footrest arc
FITNESS,2108,Redwick,redwick resistance bands go
CAMERAS,2648,Brightwell,brightwell gimbal duo
PERSONAL CARE,2380,Solvane,solvane hair straightener prime
TABLETS,2813,Pinecrest,pinecrest note pad zen
INSTRUMENTS,2792,Junova,junova synthesizer aero
PERSONAL CARE,2858,Brightwell,brightwell beard trimmer zen
PERSONAL CARE,2542,Redwick,redwick shaver ultra
GAMING,2743,Pinecrest,pinecrest flight stick aero
FITNESS,2351,Pinecrest,pinecrest foam roller prime
PERSONAL CARE,2938,Saffrix,saffrix beard trimmer arc
INSTRUMENTS,2228,Brightwell,brightwell electronic drum kit edge
GAMING,2421,Pinecrest,pinecrest gaming headset flex
OFFICE,2204,Junova,junova desk lamp edge
CAMERAS,2806,Junova,junova dash cam zen
INSTRUMENTS,2386,Junova,junova ukulele prime
TABLETS,2173,Tamarack,tamarack note pad edge
NETWORKING,2236,Tundrel,tundrel range extender edge
GAMING,2502,Tundrel,tundrel capture card ultra
FITNESS,2748,Veloria,veloria resistance bands aero
FITNESS,2111,Lumeno,lumeno foam roller go
OFFICE,2766,Redwick,redwick footrest aero
CAMERAS,2804,Veloria,veloria vlog camera zen
GAMING,2262,Redwick,redwick capture card core
LIGHTING,2934,Redwick,redwick lantern arc
NETWORKING,2156,Solvane,solvane range extender go
OFFICE,2448,Saffrix,saffrix desk organiser flex
INSTRUMENTS,2708,Junova,junova electronic drum kit duo
CAMERAS,2641,Mosella,mosella mirrorless camera duo
OFFICE,2687,Pinecrest,pinecrest bookshelf duo
GAMING,2578,Brightwell,brightwell handheld console nano
PERSONAL CARE,2304,Redwick,redwick epilator core
LIGHTING,2132,Veloria,veloria smart panel go
NETWORKING,2954,Solvane,solvane mesh system arc
OFFICE,2206,Redwick,redwick footrest edge
CAMERAS,2248,Redwick,redwick gimbal core
LIGHTING,2053,Mosella,mosella reading light one
TABLETS,2091,Orbisk,orbisk drawing tablet go
PERSONAL CARE,2062,Veloria,veloria shaver one
GAMING,2023,Halvard,halvard flight stick one
OFFICE,2685,Lumeno,lumeno filing cabinet duo
TABLETS,2012,Tundrel,tundrel kids tablet one
LIGHTING,2534,Solvane,solvane lantern ultra
INSTRUMENTS,2068,Tundrel,tundrel electronic drum kit one
NETWORKING,2876,Junova,junova range extender zen
OFFICE,2688,Solvane,solvane desk organiser duo
LIGHTING,2772,Solvane,solvane smart panel aero
TABLETS,2732,Brightwell,brightwell kids tablet aero
FITNESS,2032,Brightwell,brightwell pull-up bar one
LIGHTING,2693,Orbisk,orbisk reading light duo
GAMING,2823,Mosella,mosella flight stick zen
INSTRUMENTS,2312,Brightwell,brightwell synthesizer core
CAMERAS,2241,Quarrow,quarrow mirrorless camera core
OUTDOOR,2197,Pinecrest,pinecrest headlamp edge
INSTRUMENTS,2946,Junova,junova ukulele arc
OUTDOOR,2754,Tundrel,tundrel sleeping bag aero
OFFICE,2366,Solvane,solvane footrest prime
TABLETS,2329,Orbisk,orbisk tablet prime
NETWORKING,2475,Lumeno,lumeno network switch flex
OFFICE,2364,Saffrix,saffrix desk lamp prime
CAMERAS,2244,Veloria,veloria vlog camera core
NETWORKING,2480,Brightwell,brightwell 5g hotspot flex
TABLETS,2651,Orbisk,orbisk drawing tablet duo
NETWORKING,2235,Mosella,mosella network switch edge
GAMING,2104,Veloria,veloria vr headset go
INSTRUMENTS,2950,Tundrel,tundrel violin arc
INSTRUMENTS,2711,Mosella,mosella cajon duo
NETWORKING,2558,Tundrel,tundrel travel router ultra
CAMERAS,2565,Tamarack,tamarack film scanner nano
NETWORKING,2557,Mosella,mosella powerline adapter ultra
TABLETS,2575,Pinecrest,pinecrest foldable tablet nano
INSTRUMENTS,2147,Orbisk,orbisk acoustic guitar go
TABLETS,2089,Tamarack,tamarack tablet go
LIGHTING,2055,Lumeno,lumeno wall sconce one
TABLETS,2409,Quarrow,quarrow tablet flex
PERSONAL CARE,2862,Junova,junova shaver zen
GAMING,2183,Pinecrest,pinecrest flight stick edge
CAMERAS,2163,Halvard,halvard instant camera edge
TABLETS,2331,Halvard,halvard drawing tablet prime
NETWORKING,2074,Brightwell,brightwell mesh system one
OUTDOOR,2273,Orbisk,orbisk tent core
PERSONAL CARE,2782,Tundrel,tundrel shaver aero
INSTRUMENTS,2065,Halvard,halvard digital piano one
TABLETS,2332,Redwick,redwick kids tablet prime
OUTDOOR,2515,Mosella,mosella camp stove ultra
GAMING,2422,Solvane,solvane capture card flex
OUTDOOR,2116,Brightwell,brightwell trekking poles go
TABLETS,2732,Brightwell,brightwell kids tablet aero
OFFICE,2843,Quarrow,quarrow monitor arm zen
CAMERAS,2167,Lumeno,lumeno trail camera edge
GAMING,2582,Junova,junova capture card nano
CAMERAS,2806,Junova,junova dash cam zen
LIGHTING,2856,Solvane,solvane light bar zen
NETWORKING,2477,Pinecrest,pinecrest powerline adapter flex
CAMERAS,2326,Brightwell,brightwell dash cam prime
PERSONAL CARE,2458,Redwick,redwick beard trimmer flex
GAMING,2662,Brightwell,brightwell capture card duo
GAMING,2897,Pinecrest,pinecrest controller arc
CAMERAS,2724,Redwick,redwick vlog camera aero
OUTDOOR,2833,Orbisk,orbisk tent zen
INSTRUMENTS,2150,Redwick,redwick violin go
NETWORKING,2878,Redwick,redwick travel router zen
OFFICE,2524,Veloria,veloria desk lamp ultra
OFFICE,2203,Orbisk,orbisk monitor arm edge
OUTDOOR,2358,Junova,junova cooler box prime
NETWORKING,2155,Pinecrest,pinecrest network switch go
INSTRUMENTS,2870,Solvane,solvane violin zen
CAMERAS,2881,Lumeno,lumeno mirrorless camera arc
PERSONAL CARE,2464,Solvane,solvane epilator flex
TABLETS,2809,Mosella,mosella tablet zen
INSTRUMENTS,2945,Orbisk,orbisk digital piano arc
CAMERAS,2725,Mosella,mosella film scanner aero
FITNESS,2590,Solvane,solvane spin bike nano
TABLETS,2413,Orbisk,orbisk note pad flex
CAMERAS,2325,Quarrow,quarrow film scanner prime
LIGHTING,2690,Brightwell,brightwell led strip duo
OUTDOOR,2755,Lumeno,lumeno camp stove aero
PERSONAL CARE,2059,Quarrow,quarrow electric toothbrush one
CAMERAS,2161,Orbisk,orbisk mirrorless camera edge
TABLETS,2734,Veloria,veloria slate aero
FITNESS,2829,Quarrow,quarrow kettlebell zen
INSTRUMENTS,2312,Brightwell,brightwell synthesizer core
CAMERAS,2246,Junova,junova dash cam core
FITNESS,2666,Junova,junova yoga mat duo
GAMING,2338,Solvane,solvane handheld console prime
TABLETS,2575,Pinecrest,pinecrest foldable tablet nano
FITNESS,2825,Lumeno,lumeno dumbbell set zen
OUTDOOR,2198,Solvane,solvane cooler box edge
INSTRUMENTS,2785,Pinecrest,pinecrest digital piano aero
OFFICE,2922,Tundrel,tundrel standing desk arc
NETWORKING,2478,Solvane,solvane travel router flex
CAMERAS,2082,Tundrel,tundrel action camera go
LIGHTING,2376,Tundrel,tundrel light bar prime
GAMING,2898,Solvane,solvane handheld console arc
PERSONAL CARE,2777,Orbisk,orbisk hair dryer aero
PERSONAL CARE,2060,Brightwell,brightwell hair straightener one
GAMING,2504,Saffrix,saffrix vr headset ultra
TABLETS,2333,Mosella,mosella note pad prime
LIGHTING,2613,Mosella,mosella reading light nano
INSTRUMENTS,2468,Veloria,veloria electronic drum kit flex
CAMERAS,2728,Saffrix,saffrix gimbal aero
LIGHTING,2773,Quarrow,quarrow reading light aero
TABLETS,2331,Halvard,halvard drawing tablet prime
CAMERAS,2802,Brightwell,brightwell action camera zen
NETWORKING,2319,Mosella,mosella nas enclosure core
PERSONAL CARE,2140,Saffrix,saffrix hair straightener go
INSTRUMENTS,2146,Veloria,veloria ukulele go
PERSONAL CARE,2703,Quarrow,quarrow grooming kit duo
TABLETS,2173,Tamarack,tamarack note pad edge
INSTRUMENTS,2150,Redwick,redwick violin go
INSTRUMENTS,2465,Quarrow,quarrow digital piano flex
OUTDOOR,2759,Quarrow,quarrow hammock aero
LIGHTING,2932,Junova,junova smart panel arc
OUTDOOR,2040,Tundrel,tundrel camp chair one
INSTRUMENTS,2625,Halvard,halvard digital piano nano
PERSONAL CARE,2381,Quarrow,quarrow massager prime
NETWORKING,2633,Quarrow,quarrow wi-fi router nano
OFFICE,2122,Redwick,redwick standing desk go
PERSONAL CARE,2458,Redwick,redwick beard trimmer flex
TABLETS,2176,Junova,junova rugged tablet edge
OUTDOOR,2833,Orbisk,orbisk tent zen
TABLETS,2172,Brightwell,brightwell kids tablet edge
CAMERAS,2168,Saffrix,saffrix gimbal edge
CAMERAS,2242,Brightwell,brightwell action camera core
OUTDOOR,2194,Tundrel,tundrel sleeping bag edge
GAMING,2259,Orbisk,orbisk racing wheel core
OFFICE,2207,Mosella,mosella bookshelf edge
CAMERAS,2002,Solvane,solvane action camera one
CAMERAS,2883,Pinecrest,pinecrest instant camera arc
OFFICE,2202,Veloria,veloria standing desk edge
CAMERAS,2648,Brightwell,brightwell gimbal duo
CAMERAS,2725,Mosella,mosella film scanner aero
INSTRUMENTS,2067,Mosella,mosella acoustic guitar one
TABLETS,2096,Tundrel,tundrel rugged tablet go
FITNESS,2106,Junova,junova yoga mat go
OUTDOOR,2515,Mosella,mosella camp stove ultra
INSTRUMENTS,2225,Pinecrest,pinecrest digital piano edge
FITNESS,2588,Saffrix,saffrix resistance bands nano
FITNESS,2027,Lumeno,lumeno rowing machine one
INSTRUMENTS,2146,Veloria,veloria ukulele go
NETWORKING,2638,Junova,junova travel router nano
CAMERAS,2647,Quarrow,quarrow trail camera duo
PERSONAL CARE,2297,Quarrow,quarrow hair dryer core
GAMING,2424,Brightwell,brightwell vr headset flex
LIGHTING,2930,Veloria,veloria led strip arc
LIGHTING,2693,Orbisk,orbisk reading light duo
OUTDOOR,2834,Junova,junova sleeping bag zen
OFFICE,2282,Solvane,solvane standing desk core
LIGHTING,2134,Junova,junova lantern go
FITNESS,2908,Tundrel,tundrel resistance bands arc
GAMING,2178,Redwick,redwick handheld console edge
OUTDOOR,2517,Lumeno,lumeno headlamp ultra
TABLETS,2332,Redwick,redwick kids tablet prime
LIGHTING,2851,Mosella,mosella pendant light zen
OUTDOOR,2114,Solvane,solvane sleeping bag go
LIGHTING,2051,Halvard,halvard pendant light one
FITNESS,2188,Veloria,veloria resistance bands edge
INSTRUMENTS,2068,Tundrel,tundrel electronic drum kit one
INSTRUMENTS,2066,Redwick,redwick ukulele one
FITNESS,2911,Pinecrest,pinecrest foam roller arc
INSTRUMENTS,2868,Saffrix,saffrix electronic drum kit zen
OUTDOOR,2040,Tundrel,tundrel camp chair one
CAMERAS,2163,Halvard,halvard instant camera edge
TABLETS,2735,Orbisk,orbisk foldable tablet aero
PERSONAL CARE,2142,Solvane,solvane shaver go
NETWORKING,2798,Saffrix,saffrix travel router aero
TABLETS,2576,Solvane,solvane rugged tablet nano
OFFICE,2926,Solvane,solvane footrest arc
OFFICE,2443,Halvard,halvard monitor arm flex
NETWORKING,2799,Pinecrest,pinecrest nas enclosure aero
FITNESS,2668,Redwick,redwick resistance bands duo
FITNESS,2191,Halvard,halvard foam roller edge
LIGHTING,2050,Junova,junova led strip one
TABLETS,2569,Halvard,halvard tablet nano
INSTRUMENTS,2227,Quarrow,quarrow acoustic guitar edge
PERSONAL CARE,2702,Solvane,solvane shaver duo
LIGHTING,2694,Junova,junova lantern duo
NETWORKING,2076,Veloria,veloria range extender one
FITNESS,2506,Solvane,solvane yoga mat ultra
TABLETS,2814,Solvane,solvane slate zen
OUTDOOR,2680,Junova,junova camp chair duo
CAMERAS,2081,Mosella,mosella mirrorless camera go
GAMING,2824,Tundrel,tundrel vr headset zen
PERSONAL CARE,2059,Quarrow,quarrow electric toothbrush one
TABLETS,2091,Orbisk,orbisk drawing tablet go
PERSONAL CARE,2937,Lumeno,lumeno hair dryer arc
NETWORKING,2394,Solvane,solvane mesh system prime
CAMERAS,2484,Junova,junova vlog camera ultra
INSTRUMENTS,2386,Junova,junova ukulele prime
OUTDOOR,2756,Saffrix,saffrix trekking poles aero
PERSONAL CARE,2861,Orbisk,orbisk massager zen
NETWORKING,2717,Quarrow,quarrow powerline adapter duo
FITNESS,2185,Quarrow,quarrow dumbbell set edge
TABLETS,2256,Brightwell,brightwell rugged tablet core
TABLETS,2895,Lumeno,lumeno foldable tablet arc
LIGHTING,2616,Saffrix,saffrix light bar nano
TABLETS,2889,Orbisk,orbisk tablet arc
LIGHTING,2856,Solvane,solvane light bar zen
LIGHTING,2536,Brightwell,brightwell light bar ultra
GAMING,2179,Mosella,mosella racing wheel edge
GAMING,2660,Solvane,solvane arcade stick duo
LIGHTING,2856,Solvane,solvane light bar zen
GAMING,2664,Veloria,veloria vr headset duo
GAMING,2419,Lumeno,lumeno racing wheel flex
INSTRUMENTS,2069,Lumeno,lumeno midi keyboard one
GAMING,2177,Halvard,halvard controller edge
GAMING,2179,Mosella,mosella racing wheel edge
PERSONAL CARE,2943,Tamarack,tamarack grooming kit arc
CAMERAS,2247,Halvard,halvard trail camera core
TABLETS,2252,Saffrix,saffrix kids tablet core
INSTRUMENTS,2711,Mosella,mosella cajon duo
PERSONAL CARE,2539,Orbisk,orbisk electric toothbrush ultra
TABLETS,2814,Solvane,solvane slate zen
FITNESS,2432,Tundrel,tundrel pull-up bar flex
GAMING,2658,Saffrix,saffrix handheld console duo
CAMERAS,2082,Tundrel,tundrel action camera go
FITNESS,2265,Lumeno,lumeno dumbbell set core
OUTDOOR,2279,Lumeno,lumeno hammock core
INSTRUMENTS,2387,Halvard,halvard acoustic guitar prime
OFFICE,2126,Saffrix,saffrix footrest go
INSTRUMENTS,2711,Mosella,mosella cajon duo
CAMERAS,2645,Pinecrest,pinecrest film scanner duo
PERSONAL CARE,2058,Solvane,solvane beard trimmer one
INSTRUMENTS,2068,Tundrel,tundrel electronic drum kit one
OUTDOOR,2758,Solvane,solvane cooler box aero
TABLETS,2411,Tamarack,tamarack drawing tablet flex
OUTDOOR,2597,Halvard,halvard headlamp nano
GAMING,2018,Brightwell,brightwell handheld console one
NETWORKING,2954,Solvane,solvane mesh system arc
OFFICE,2363,Lumeno,lumeno monitor arm prime
FITNESS,2827,Pinecrest,pinecrest rowing machine zen
LIGHTING,2852,Tundrel,tundrel smart panel zen
OUTDOOR,2276,Redwick,redwick trekking poles core
NETWORKING,2073,Quarrow,quarrow wi-fi router one
PERSONAL CARE,2780,Redwick,redwick hair straightener aero
NETWORKING,2158,Brightwell,brightwell travel router go
FITNESS,2351,Pinecrest,pinecrest foam roller prime
FITNESS,2829,Quarrow,quarrow kettlebell zen
NETWORKING,2633,Quarrow,quarrow wi-fi router nano
CAMERAS,2727,Lumeno,lumeno trail camera aero
OUTDOOR,2117,Tamarack,tamarack headlamp go
CAMERAS,2561,Pinecrest,pinecrest mirrorless camera nano
GAMING,2101,Quarrow,quarrow gaming headset go
FITNESS,2510,Veloria,veloria spin bike ultra
INSTRUMENTS,2869,Pinecrest,pinecrest midi keyboard zen
CAMERAS,2005,Tamarack,tamarack film scanner one
OUTDOOR,2358,Junova,junova cooler box prime
FITNESS,2508,Brightwell,brightwell resistance bands ultra
NETWORKING,2073,Quarrow,quarrow wi-fi router one
OUTDOOR,2434,Saffrix,saffrix sleeping bag flex
CAMERAS,2881,Lumeno,lumeno mirrorless camera arc
FITNESS,2829,Quarrow,quarrow kettlebell zen
LIGHTING,2929,Tamarack,tamarack floor lamp arc
FITNESS,2271,Tamarack,tamarack foam roller core
FITNESS,2667,Halvard,halvard rowing machine duo
GAMING,2099,Pinecrest,pinecrest racing wheel go
OUTDOOR,2438,Brightwell,brightwell cooler box flex
TABLETS,2892,Redwick,redwick kids tablet arc
CAMERAS,2004,Brightwell,brightwell vlog camera one
CAMERAS,2488,Tundrel,tundrel gimbal ultra
PERSONAL CARE,2943,Tamarack,tamarack grooming kit arc
LIGHTING,2535,Quarrow,quarrow wall sconce ultra
TABLETS,2016,Solvane,solvane rugged tablet one
GAMING,2423,Quarrow,quarrow flight stick flex
LIGHTING,2296,Solvane,solvane light bar core
OUTDOOR,2118,Veloria,veloria cooler box go
GAMING,2024,Redwick,redwick vr headset one
OFFICE,2841,Pinecrest,pinecrest desk chair zen
OFFICE,2524,Veloria,veloria desk lamp ultra
CAMERAS,2886,Brightwell,brightwell dash cam arc
CAMERAS,2641,Mosella,mosella mirrorless camera duo
OUTDOOR,2513,Halvard,halvard tent ultra
TABLETS,2891,Halvard,halvard drawing tablet arc
OFFICE,2686,Saffrix,saffrix footrest duo
FITNESS,2588,Saffrix,saffrix resistance bands nano
NETWORKING,2874,Veloria,veloria mesh system zen
LIGHTING,2931,Orbisk,orbisk pendant light arc
TABLETS,2335,Lumeno,lumeno foldable tablet prime
OFFICE,2843,Quarrow,quarrow monitor arm zen
OUTDOOR,2833,Orbisk,orbisk tent zen
TABLETS,2491,Pinecrest,pinecrest drawing tablet ultra
INSTRUMENTS,2792,Junova,junova synthesizer aero
NETWORKING,2314,Veloria,veloria mesh system core
LIGHTING,2530,Tundrel,tundrel led strip ultra
CAMERAS,2164,Redwick,redwick vlog camera edge
OUTDOOR,2915,Tamarack,tamarack camp stove arc
OFFICE,2361,Mosella,mosella desk chair prime
CAMERAS,2323,Pinecrest,pinecrest instant camera prime
PERSONAL CARE,2941,Quarrow,quarrow massager arc
NETWORKING,2558,Tundrel,tundrel travel router ultra
LIGHTING,2616,Saffrix,saffrix light bar nano
GAMING,2258,Veloria,veloria handheld console core
NETWORKING,2155,Pinecrest,pinecrest network switch go
NETWORKING,2634,Brightwell,brightwell mesh system nano
OFFICE,2921,Mosella,mosella desk chair arc
TABLETS,2493,Quarrow,quarrow note pad ultra
PERSONAL CARE,2861,Orbisk,orbisk massager zen
INSTRUMENTS,2705,Tamarack,tamarack digital piano duo
OUTDOOR,2435,Pinecrest,pinecrest camp stove flex
INSTRUMENTS,2152,Tundrel,tundrel synthesizer go
OUTDOOR,2675,Quarrow,quarrow camp stove duo
LIGHTING,2929,Tamarack,tamarack floor lamp arc
PERSONAL CARE,2464,Solvane,solvane epilator flex
INSTRUMENTS,2949,Mosella,mosella midi keyboard arc
LIGHTING,2776,Veloria,veloria light bar aero
OUTDOOR,2118,Veloria,veloria cooler box go
OUTDOOR,2439,Tamarack,tamarack hammock flex
INSTRUMENTS,2069,Lumeno,lumeno midi keyboard one
PERSONAL CARE,2057,Pinecrest,pinecrest hair dryer one
GAMING,2019,Tamarack,tamarack racing wheel one
CAMERAS,2561,Pinecrest,pinecrest mirrorless camera nano
NETWORKING,2635,Tamarack,tamarack network switch nano
LIGHTING,2050,Junova,junova led strip one
NETWORKING,2558,Tundrel,tundrel travel router ultra
NETWORKING,2155,Pinecrest,pinecrest network switch go
NETWORKING,2720,Veloria,veloria 5g hotspot duo
LIGHTING,2770,Saffrix,saffrix led strip aero
PERSONAL CARE,2459,Mosella,mosella electric toothbrush flex
CAMERAS,2001,Pinecrest,pinecrest mirrorless camera one
LIGHTING,2689,Quarrow,quarrow floor lamp duo
GAMING,2101,Quarrow,quarrow gaming headset go
CAMERAS,2803,Tamarack,tamarack instant camera zen
CAMERAS,2562,Solvane,solvane action camera nano
CAMERAS,2728,Saffrix,saffrix gimbal aero
PERSONAL CARE,2940,Solvane,solvane hair straightener arc
PERSONAL CARE,2701,Pinecrest,pinecrest massager duo
GAMING,2181,Lumeno,lumeno gaming headset edge
PERSONAL CARE,2863,Halvard,halvard grooming kit zen
OFFICE,2121,Halvard,halvard desk chair go
GAMING,2664,Veloria,veloria vr headset duo
PERSONAL CARE,2464,Solvane,solvane epilator flex
OFFICE,2048,Veloria,veloria desk organiser one
GAMING,2902,Veloria,veloria capture card arc
CAMERAS,2566,Veloria,veloria dash cam nano
OFFICE,2041,Lumeno,lumeno desk chair one
TABLETS,2091,Orbisk,orbisk drawing tablet go
GAMING,2901,Tamarack,tamarack gaming headset arc
INSTRUMENTS,2865,Mosella,mosella digital piano zen
OUTDOOR,2116,Brightwell,brightwell trekking poles go
GAMING,2337,Pinecrest,pinecrest controller prime
GAMING,2504,Saffrix,saffrix vr headset ultra
LIGHTING,2694,Junova,junova lantern duo
OFFICE,2202,Veloria,veloria standing desk edge
OFFICE,2922,Tundrel,tundrel standing desk arc
OFFICE,2041,Lumeno,lumeno desk chair one
TABLETS,2250,Tundrel,tundrel e-reader core
OUTDOOR,2437,Quarrow,quarrow headlamp flex
OUTDOOR,2520,Solvane,solvane camp chair ultra
LIGHTING,2053,Mosella,mosella reading light one
FITNESS,2425,Tamarack,tamarack dumbbell set flex
OFFICE,2921,Mosella,mosella desk chair arc
TABLETS,2413,Orbisk,orbisk note pad flex
NETWORKING,2716,Solvane,solvane range extender duo
FITNESS,2672,Saffrix,saffrix pull-up bar duo
OUTDOOR,2195,Lumeno,lumeno camp stove edge
PERSONAL CARE,2622,Veloria,veloria shaver nano
OFFICE,2846,Veloria,veloria footrest zen
PERSONAL CARE,2460,Tundrel,tundrel hair straightener flex
INSTRUMENTS,2865,Mosella,mosella digital piano zen
PERSONAL CARE,2378,Saffrix,saffrix beard trimmer prime
INSTRUMENTS,2069,Lumeno,lumeno midi keyboard one
OFFICE,2924,Saffrix,saffrix desk lamp arc
GAMING,2822,Redwick,redwick capture card zen
OUTDOOR,2278,Tundrel,tundrel cooler box core
CAMERAS,2643,Lumeno,lumeno instant camera duo
LIGHTING,2051,Halvard,halvard pendant light one
FITNESS,2026,Tundrel,tundrel yoga mat one
FITNESS,2426,Veloria,veloria yoga mat flex
TABLETS,2410,Brightwell,brightwell e-reader flex
GAMING,2421,Pinecrest,pinecrest gaming headset flex
OUTDOOR,2916,Veloria,veloria trekking poles arc
FITNESS,2671,Lumeno,lumeno foam roller duo
INSTRUMENTS,2390,Tundrel,tundrel violin prime
TABLETS,2572,Tundrel,tundrel kids tablet nano
LIGHTING,2932,Junova,junova smart panel arc
NETWORKING,2713,Lumeno,lumeno wi-fi router duo
GAMING,2340,Brightwell,brightwell arcade stick prime
GAMING,2017,Quarrow,quarrow controller one
CAMERAS,2725,Mosella,mosella film scanner aero
OUTDOOR,2919,Halvard,halvard hammock arc
TABLETS,2495,Tamarack,tamarack foldable tablet ultra
GAMING,2737,Halvard,halvard controller aero
CAMERAS,2323,Pinecrest,pinecrest instant camera prime
OFFICE,2363,Lumeno,lumeno monitor arm prime
OFFICE,2366,Solvane,solvane footrest prime
INSTRUMENTS,2389,Mosella,mosella midi keyboard prime
FITNESS,2828,Solvane,solvane resistance bands zen
FITNESS,2509,Tamarack,tamarack kettlebell ultra
OFFICE,2841,Pinecrest,pinecrest desk chair zen
NETWORKING,2157,Quarrow,quarrow powerline adapter go
FITNESS,2271,Tamarack,tamarack foam roller core
TABLETS,2412,Veloria,veloria kids tablet flex
INSTRUMENTS,2946,Junova,junova ukulele arc
LIGHTING,2215,Tamarack,tamarack wall sconce edge
INSTRUMENTS,2951,Lumeno,lumeno cajon arc
CAMERAS,2003,Quarrow,quarrow instant camera one
INSTRUMENTS,2391,Lumeno,lumeno cajon prime
NETWORKING,2875,Orbisk,orbisk network switch zen
LIGHTING,2375,Mosella,mosella wall sconce prime
NETWORKING,2479,Quarrow,quarrow nas enclosure flex
GAMING,2424,Brightwell,brightwell vr headset flex
PERSONAL CARE,2859,Tamarack,tamarack electric toothbrush zen
PERSONAL CARE,2939,Pinecrest,pinecrest electric toothbrush arc
PERSONAL CARE,2942,Brightwell,brightwell shaver arc
LIGHTING,2771,Pinecrest,pinecrest pendant light aero
PERSONAL CARE,2617,Pinecrest,pinecrest hair dryer nano
OFFICE,2448,Saffrix,saffrix desk organiser flex
LIGHTING,2691,Tamarack,tamarack pendant light duo
GAMING,2178,Redwick,redwick handheld console edge
TABLETS,2733,Tamarack,tamarack note pad aero
FITNESS,2750,Junova,junova spin bike aero
FITNESS,2109,Mosella,mosella kettlebell go
NETWORKING,2394,Solvane,solvane mesh system prime
PERSONAL CARE,2378,Saffrix,saffrix beard trimmer prime
OUTDOOR,2836,Redwick,redwick trekking poles zen
OUTDOOR,2517,Lumeno,lumeno headlamp ultra
GAMING,2822,Redwick,redwick capture card zen
FITNESS,2671,Lumeno,lumeno foam roller duo
OFFICE,2841,Pinecrest,pinecrest desk chair zen
GAMING,2660,Solvane,solvane arcade stick duo
NETWORKING,2717,Quarrow,quarrow powerline adapter duo
GAMING,2660,Solvane,solvane arcade stick duo
TABLETS,2490,Saffrix,saffrix e-reader ultra
LIGHTING,2055,Lumeno,lumeno wall sconce one
GAMING,2017,Quarrow,quarrow controller one
PERSONAL CARE,2379,Pinecrest,pinecrest electric toothbrush prime
TABLETS,2730,Solvane,solvane e-reader aero
PERSONAL CARE,2862,Junova,junova shaver zen
GAMING,2500,Redwick,redwick arcade stick ultra
LIGHTING,2375,Mosella,mosella wall sconce prime
INSTRUMENTS,2232,Junova,junova synthesizer edge
TABLETS,2491,Pinecrest,pinecrest drawing tablet ultra
NETWORKING,2873,Tamarack,tamarack wi-fi router zen
PERSONAL CARE,2378,Saffrix,saffrix beard trimmer prime
FITNESS,2026,Tundrel,tundrel yoga mat one
OFFICE,2846,Veloria,veloria footrest zen
CAMERAS,2165,Mosella,mosella film scanner edge
INSTRUMENTS,2549,Quarrow,quarrow midi keyboard ultra
OUTDOOR,2597,Halvard,halvard headlamp nano
OUTDOOR,2355,Tamarack,tamarack camp stove prime
NETWORKING,2714,Saffrix,saffrix mesh system duo
NETWORKING,2320,Tundrel,tundrel 5g hotspot core
GAMING,2584,Redwick,redwick vr headset nano
CAMERAS,2482,Veloria,veloria action camera ultra
NETWORKING,2799,Pinecrest,pinecrest nas enclosure aero
FITNESS,2349,Lumeno,lumeno kettlebell prime
NETWORKING,2553,Orbisk,orbisk wi-fi router ultra
TABLETS,2169,Pinecrest,pinecrest tablet edge
OUTDOOR,2673,Pinecrest,pinecrest tent duo
PERSONAL CARE,2863,Halvard,halvard grooming kit zen
CAMERAS,2642,Tundrel,tundrel action camera duo
PERSONAL CARE,2621,Tamarack,tamarack massager nano
PERSONAL CARE,2142,Solvane,solvane shaver go
CAMERAS,2322,Saffrix,saffrix action camera prime
INSTRUMENTS,2785,Pinecrest,pinecrest digital piano aero
OUTDOOR,2280,Saffrix,saffrix camp chair core
CAMERAS,2327,Tamarack,tamarack trail camera prime
PERSONAL CARE,2542,Redwick,redwick shaver ultra
GAMING,2821,Halvard,halvard gaming headset zen
FITNESS,2912,Solvane,solvane pull-up bar arc
OUTDOOR,2917,Orbisk,orbisk headlamp arc
OFFICE,2685,Lumeno,lumeno filing cabinet duo
GAMING,2664,Veloria,veloria vr headset duo
LIGHTING,2213,Quarrow,quarrow reading light edge
CAMERAS,2727,Lumeno,lumeno trail camera aero
OFFICE,2526,Junova,junova footrest ultra
OUTDOOR,2517,Lumeno,lumeno headlamp ultra
FITNESS,2826,Saffrix,saffrix yoga mat zen
INSTRUMENTS,2145,Tamarack,tamarack digital piano go
OFFICE,2687,Pinecrest,pinecrest bookshelf duo
PERSONAL CARE,2704,Brightwell,brightwell epilator duo
PERSONAL CARE,2062,Veloria,veloria shaver one
GAMING,2098,Saffrix,saffrix handheld console go
OFFICE,2522,Brightwell,brightwell standing desk ultra
FITNESS,2592,Brightwell,brightwell pull-up bar nano
TABLETS,2174,Veloria,veloria slate edge
CAMERAS,2008,Junova,junova gimbal one
LIGHTING,2854,Saffrix,saffrix lantern zen
NETWORKING,2633,Quarrow,quarrow wi-fi router nano
OUTDOOR,2673,Pinecrest,pinecrest tent duo
TABLETS,2253,Pinecrest,pinecrest note pad core
LIGHTING,2209,Lumeno,lumeno floor lamp edge
FITNESS,2190,Junova,junova spin bike edge
GAMING,2019,Tamarack,tamarack racing wheel one
LIGHTING,2056,Saffrix,saffrix light bar one
OUTDOOR,2117,Tamarack,tamarack headlamp go
PERSONAL CARE,2779,Halvard,halvard electric toothbrush aero
INSTRUMENTS,2152,Tundrel,tundrel synthesizer go
GAMING,2258,Veloria,veloria handheld console core
GAMING,2900,Brightwell,brightwell arcade stick arc
FITNESS,2430,Redwick,redwick spin bike flex
INSTRUMENTS,2546,Saffrix,saffrix ukulele ultra
GAMING,2260,Junova,junova arcade stick core
OFFICE,2207,Mosella,mosella bookshelf edge
OUTDOOR,2678,Veloria,veloria cooler box duo
OUTDOOR,2673,Pinecrest,pinecrest tent duo
PERSONAL CARE,2942,Brightwell,brightwell shaver arc
GAMING,2822,Redwick,redwick capture card zen
NETWORKING,2794,Redwick,redwick mesh system aero
NETWORKING,2395,Quarrow,quarrow network switch prime
FITNESS,2671,Lumeno,lumeno foam roller duo
NETWORKING,2718,Brightwell,brightwell travel router duo
OFFICE,2847,Orbisk,orbisk bookshelf zen
PERSONAL CARE,2381,Quarrow,quarrow massager prime
NETWORKING,2953,Pinecrest,pinecrest wi-fi router arc
PERSONAL CARE,2139,Lumeno,lumeno electric toothbrush go
OUTDOOR,2360,Redwick,redwick camp chair prime
INSTRUMENTS,2070,Saffrix,saffrix violin one
CAMERAS,2007,Orbisk,orbisk trail camera one
CAMERAS,2324,Solvane,solvane vlog camera prime
NETWORKING,2797,Lumeno,lumeno powerline adapter aero
LIGHTING,2850,Redwick,redwick led strip zen
PERSONAL CARE,2701,Pinecrest,pinecrest massager duo
CAMERAS,2642,Tundrel,tundrel action camera duo
TABLETS,2653,Halvard,halvard note pad duo
OUTDOOR,2197,Pinecrest,pinecrest headlamp edge
INSTRUMENTS,2148,Junova,junova electronic drum kit go
GAMING,2661,Quarrow,quarrow gaming headset duo
LIGHTING,2930,Veloria,veloria led strip arc
PERSONAL CARE,2857,Quarrow,quarrow hair dryer zen
TABLETS,2169,Pinecrest,pinecrest tablet edge
FITNESS,2107,Halvard,halvard rowing machine go
PERSONAL CARE,2864,Redwick,redwick epilator zen
OFFICE,2445,Mosella,mosella filing cabinet flex
GAMING,2259,Orbisk,orbisk racing wheel core
PERSONAL CARE,2301,Orbisk,orbisk massager core
LIGHTING,2292,Tundrel,tundrel smart panel core
GAMING,2657,Lumeno,lumeno controller duo
OUTDOOR,2755,Lumeno,lumeno camp stove aero
LIGHTING,2856,Solvane,solvane light bar zen
NETWORKING,2875,Orbisk,orbisk network switch zen
GAMING,2104,Veloria,veloria vr headset go
TABLETS,2014,Saffrix,saffrix slate one
LIGHTING,2534,Solvane,solvane lantern ultra
FITNESS,2347,Mosella,mosella rowing machine prime
OUTDOOR,2514,Redwick,redwick sleeping bag ultra
OFFICE,2125,Lumeno,lumeno filing cabinet go
OFFICE,2366,Solvane,solvane footrest prime
TABLETS,2572,Tundrel,tundrel kids tablet nano
OFFICE,2526,Junova,junova footrest ultra
LIGHTING,2212,Solvane,solvane smart panel edge
INSTRUMENTS,2867,Lumeno,lumeno acoustic guitar zen
GAMING,2422,Solvane,solvane capture card flex
TABLETS,2010,Redwick,redwick e-reader one
GAMING,2024,Redwick,redwick vr headset one
INSTRUMENTS,2308,Saffrix,saffrix electronic drum kit core
PERSONAL CARE,2143,Quarrow,quarrow grooming kit go
PERSONAL CARE,2777,Orbisk,orbisk hair dryer aero
INSTRUMENTS,2391,Lumeno,lumeno cajon prime
GAMING,2419,Lumeno,lumeno racing wheel flex
FITNESS,2030,Solvane,solvane spin bike one
OUTDOOR,2599,Mosella,mosella hammock nano
OUTDOOR,2917,Orbisk,orbisk headlamp arc
PERSONAL CARE,2780,Redwick,redwick hair straightener aero
TABLETS,2889,Orbisk,orbisk tablet arc
INSTRUMENTS,2632,Solvane,solvane synthesizer nano
OFFICE,2207,Mosella,mosella bookshelf edge
PERSONAL CARE,2302,Junova,junova shaver core
CAMERAS,2005,Tamarack,tamarack film scanner one
NETWORKING,2395,Quarrow,quarrow network switch prime
PERSONAL CARE,2384,Veloria,veloria epilator prime
FITNESS,2667,Halvard,halvard rowing machine duo
TABLETS,2253,Pinecrest,pinecrest note pad core
CAMERAS,2003,Quarrow,quarrow instant camera one
TABLETS,2174,Veloria,veloria slate edge
PERSONAL CARE,2380,Solvane,solvane hair straightener prime
CAMERAS,2566,Veloria,veloria dash cam nano
OFFICE,2363,Lumeno,lumeno monitor arm prime
INSTRUMENTS,2708,Junova,junova electronic drum kit duo
NETWORKING,2554,Junova,junova mesh system ultra
GAMING,2098,Saffrix,saffrix handheld console go
LIGHTING,2134,Junova,junova lantern go
FITNESS,2270,Brightwell,brightwell spin bike core
INSTRUMENTS,2549,Quarrow,quarrow midi keyboard ultra
OFFICE,2208,Tundrel,tundrel desk organiser edge
PERSONAL CARE,2219,Halvard,halvard electric toothbrush edge
LIGHTING,2294,Saffrix,saffrix lantern core
LIGHTING,2691,Tamarack,tamarack pendant light duo
TABLETS,2655,Mosella,mosella foldable tablet duo
FITNESS,2586,Tundrel,tundrel yoga mat nano
LIGHTING,2052,Redwick,redwick smart panel one
FITNESS,2591,Quarrow,quarrow foam roller nano
GAMING,2017,Quarrow,quarrow controller one
OFFICE,2285,Tamarack,tamarack filing cabinet core
NETWORKING,2397,Tamarack,tamarack powerline adapter prime
PERSONAL CARE,2462,Saffrix,saffrix shaver flex
CAMERAS,2168,Saffrix,saffrix gimbal edge
OFFICE,2923,Lumeno,lumeno monitor arm arc
TABLETS,2813,Pinecrest,pinecrest note pad zen
CAMERAS,2724,Redwick,redwick vlog camera aero
FITNESS,2430,Redwick,redwick spin bike flex
PERSONAL CARE,2138,Tundrel,tundrel beard trimmer go
TABLETS,2651,Orbisk,orbisk drawing tablet duo
CAMERAS,2242,Brightwell,brightwell action camera core
INSTRUMENTS,2065,Halvard,halvard digital piano one
OUTDOOR,2353,Quarrow,quarrow tent prime
FITNESS,2745,Quarrow,quarrow dumbbell set aero
NETWORKING,2318,Redwick,redwick travel router core
PERSONAL CARE,2143,Quarrow,quarrow grooming kit go
PERSONAL CARE,2140,Saffrix,saffrix hair straightener go
INSTRUMENTS,2786,Solvane,solvane ukulele aero
NETWORKING,2079,Halvard,halvard nas enclosure one
INSTRUMENTS,2712,Tundrel,tundrel synthesizer duo
PERSONAL CARE,2144,Brightwell,brightwell epilator go
CAMERAS,2245,Orbisk,orbisk film scanner core
GAMING,2497,Orbisk,orbisk controller ultra
OFFICE,2926,Solvane,solvane footrest arc
GAMING,2820,Junova,junova arcade stick zen
OUTDOOR,2919,Halvard,halvard hammock arc
NETWORKING,2239,Pinecrest,pinecrest nas enclosure edge
INSTRUMENTS,2071,Pinecrest,pinecrest cajon one
OFFICE,2766,Redwick,redwick footrest aero
LIGHTING,2773,Quarrow,quarrow reading light aero
PERSONAL CARE,2461,Lumeno,lumeno massager flex
GAMING,2658,Saffrix,saffrix handheld console duo
OFFICE,2925,Pinecrest,pinecrest filing cabinet arc
TABLETS,2414,Junova,junova slate flex
OUTDOOR,2353,Quarrow,quarrow tent prime
GAMING,2181,Lumeno,lumeno gaming headset edge
LIGHTING,2212,Solvane,solvane smart panel edge
OFFICE,2445,Mosella,mosella filing cabinet flex
TABLETS,2490,Saffrix,saffrix e-reader ultra
NETWORKING,2319,Mosella,mosella nas enclosure core
NETWORKING,2078,Junova,junova travel router one
TABLETS,2734,Veloria,veloria slate aero
OFFICE,2606,Brightwell,brightwell footrest nano
PERSONAL CARE,2941,Quarrow,quarrow massager arc
LIGHTING,2532,Saffrix,saffrix smart panel ultra
LIGHTING,2930,Veloria,veloria led strip arc
INSTRUMENTS,2468,Veloria,veloria electronic drum kit flex
PERSONAL CARE,2538,Veloria,veloria beard trimmer ultra
OUTDOOR,2437,Quarrow,quarrow headlamp flex
GAMING,2018,Brightwell,brightwell handheld console one
FITNESS,2185,Quarrow,quarrow dumbbell set edge
FITNESS,2590,Solvane,solvane spin bike nano
CAMERAS,2482,Veloria,veloria action camera ultra
OFFICE,2607,Tamarack,tamarack bookshelf nano
INSTRUMENTS,2146,Veloria,veloria ukulele go
LIGHTING,2933,Halvard,halvard reading light arc
OUTDOOR,2039,Mosella,mosella hammock one
GAMING,2263,Mosella,mosella flight stick core
NETWORKING,2953,Pinecrest,pinecrest wi-fi router arc
LIGHTING,2934,Redwick,redwick lantern arc
OUTDOOR,2035,Orbisk,orbisk camp stove one
TABLETS,2733,Tamarack,tamarack note pad aero
CAMERAS,2328,Veloria,veloria gimbal prime
LIGHTING,2215,Tamarack,tamarack wall sconce edge
LIGHTING,2372,Junova,junova smart panel prime
FITNESS,2670,Tundrel,tundrel spin bike duo
NETWORKING,2640,Redwick,redwick 5g hotspot nano
INSTRUMENTS,2632,Solvane,solvane synthesizer nano
GAMING,2098,Saffrix,saffrix handheld console go
INSTRUMENTS,2709,Halvard,halvard midi keyboard duo
CAMERAS,2801,Quarrow,quarrow mirrorless camera zen
OUTDOOR,2036,Junova,junova trekking poles one
OFFICE,2121,Halvard,halvard desk chair go
TABLETS,2011,Mosella,mosella drawing tablet one
PERSONAL CARE,2223,Lumeno,lumeno grooming kit edge
NETWORKING,2157,Quarrow,quarrow powerline adapter go
FITNESS,2025,Mosella,mosella dumbbell set one
